timestamp,source,focus,visible_hits,raw_theme_hits,raw_gkg_themes,normalized_themes,headline,url
"Apr 23, 2026, 07:15 PM UTC","iheart.com","M&A / Strategic Transactions","merger","","TAX_ETHNICITY, TAX_ETHNICITY_AMERICAN, EPU_ECONOMY_HISTORIC, WB_1921_PRIVATE_SECTOR_DEVELOPMENT, WB_406_COMPETITION_POLICY, WB_2101_ANTITRUST, EPU_CATS_REGULATION, TAX_FNCACT","LABOR_MARKET, REGULATION","Warner Bros Discovery Shareholders Approve Paramount Skydance Merger","https://943wsc.iheart.com/content/2026-04-23-warner-bros-discovery-shareholders-approve-paramount-skydance-merger/"
"Apr 23, 2026, 07:15 PM UTC","bluemountainsgazette.com.au","M&A / Strategic Transactions","merger","","EPU_CATS_REGULATION, WB_678_DIGITAL_GOVERNMENT, WB_694_BROADCAST_AND_MEDIA, WB_133_INFORMATION_AND_COMMUNICATION_TECHNOLOGIES, EPU_ECONOMY_HISTORIC, ECON_DEBT, WB_1104_MACROECONOMIC_VULNERABILITY_AND_DEBT, WB_450_DEBT","CREDIT_MARKETS, REGULATION","Warner Bros Shareholders Approve Paramount Merger","https://www.bluemountainsgazette.com.au/story/9232144/warner-bros-shareholders-approve-paramount-merger/"
"Apr 23, 2026, 07:15 PM UTC","livelaw.in","M&A / Strategic Transactions","merger","","LEGISLATION, EPU_POLICY, EPU_POLICY_LAW, USPEC_UNCERTAINTY1, UNGP_FORESTS_RIVERS_OCEANS, TAX_WORLDLANGUAGES, TAX_WORLDLANGUAGES_CHOUDHARY, WB_696_PUBLIC_SECTOR_MANAGEMENT","REGULATION","Doctrine Of Merger Explanation","https://www.livelaw.in/articles/doctrine-of-merger-order9-rule13-explanation-531493"
"Apr 23, 2026, 07:15 PM UTC","siliconvalley.com","M&A / Strategic Transactions","merger","","ARMEDCONFLICT, EPU_CATS_NATIONAL_SECURITY, ECON_STOCKMARKET, WB_1921_PRIVATE_SECTOR_DEVELOPMENT, WB_406_COMPETITION_POLICY, WB_2101_ANTITRUST, EPU_CATS_REGULATION, TAX_FNCACT","CONFLICT, REGULATION","Warner Bros Investors Approve Billion Paramount Merger","https://www.siliconvalley.com/2026/04/23/warner-bros-investors-approve-110-billion-paramount-merger/"
"Apr 23, 2026, 07:15 PM UTC","virginiabusiness.com","M&A / Strategic Transactions","merger","","TAX_FNCACT, TAX_FNCACT_EXECUTIVES, TAX_FNCACT_CEO, WB_696_PUBLIC_SECTOR_MANAGEMENT, WB_840_JUSTICE, AFFECT, EPU_CATS_NATIONAL_SECURITY, TAX_FNCACT_CHIEF","LABOR_MARKET","Warner Bros Paramount Skydance Billion Merger","http://virginiabusiness.com/warner-bros-paramount-skydance-110-billion-merger/"
"Apr 23, 2026, 04:45 PM UTC","watoday.com.au","M&A / Strategic Transactions","merger","","ARMEDCONFLICT, EPU_CATS_NATIONAL_SECURITY, ECON_STOCKMARKET, WB_1921_PRIVATE_SECTOR_DEVELOPMENT, WB_406_COMPETITION_POLICY, WB_2101_ANTITRUST, EPU_CATS_REGULATION, WB_678_DIGITAL_GOVERNMENT","REGULATION","Warner Bros Shareholders Approve Us110 Billion Paramount Mega Merger","https://www.watoday.com.au/business/companies/warner-bros-shareholders-approve-us110-billion-paramount-mega-merger-20260424-p5zqnk.html"
"Apr 23, 2026, 04:45 PM UTC","benzinga.com","Public Offerings","IPO","","WB_1331_HEALTH_TECHNOLOGIES, WB_2453_ORGANIZED_CRIME, WB_1350_PHARMACEUTICALS, WB_2433_CONFLICT_AND_VIOLENCE, WB_621_HEALTH_NUTRITION_AND_POPULATION, WB_2432_FRAGILITY_CONFLICT_AND_VIOLENCE, WB_2456_DRUGS_AND_NARCOTICS, WB_334_EQUITY_MARKETS","ENERGY, LABOR_MARKET, TRADE, REGULATION","Kailera Therapeutics Strong IPO Validates Newco Strategy","https://www.benzinga.com/Opinion/26/04/52006951/kailera-therapeutics-strong-ipo-validates-newco-strategy"
"Apr 23, 2026, 04:45 PM UTC","seekingalpha.com","Private Capital","private credit","","ECON_WORLDCURRENCIES, ECON_WORLDCURRENCIES_DOLLARS, TAX_FNCACT, TAX_FNCACT_REGULATORS, EPU_ECONOMY_HISTORIC, WB_678_DIGITAL_GOVERNMENT, WB_694_BROADCAST_AND_MEDIA, WB_133_INFORMATION_AND_COMMUNICATION_TECHNOLOGIES","","US SEC Treasury Seek More Data On Private Credit Risks Report","https://seekingalpha.com/news/4578777-us-sec-treasury-seek-more-data-on-private-credit-risks---report"
"Apr 23, 2026, 04:45 PM UTC","upi.com","M&A / Strategic Transactions","merger","","ECON_STOCKMARKET, WB_698_TRADE, ARMEDCONFLICT, EPU_CATS_NATIONAL_SECURITY, TAX_ECON_PRICE, MEDIA_MSM, UNGP_FORESTS_RIVERS_OCEANS, ECON_DEBT","CREDIT_MARKETS, TRADE, REGULATION","Warner Bros Discovery Approve Paramount Merger","https://www.upi.com/Top_News/US/2026/04/23/warner-bros-discovery-approve-paramount-merger/9251776959584/"
"Apr 23, 2026, 03:15 PM UTC","classicalite.com","M&A / Strategic Transactions","merger","","TAX_FNCACT, TAX_FNCACT_CEO, USPEC_UNCERTAINTY1, GENERAL_HEALTH, MEDICAL, ECON_DEBT, WB_1104_MACROECONOMIC_VULNERABILITY_AND_DEBT, WB_450_DEBT","CREDIT_MARKETS, REGULATION","Cinema United Chief Fights Theater Merger Demands Longer Theatrical Windows","https://www.classicalite.com/articles/1725316/20260423/cinema-united-chief-fights-theater-merger-demands-longer-theatrical-windows.htm"
"Apr 23, 2026, 03:15 PM UTC","finanznachrichten.de","Public Offerings","public offering","","MEDICAL, ECON_STOCKMARKET, WB_698_TRADE, WB_1920_FINANCIAL_SECTOR_DEVELOPMENT, WB_332_CAPITAL_MARKETS, TAX_FNCACT, TAX_FNCACT_MANAGERS, EPU_CATS_REGULATION","INFLATION, TRADE, REGULATION","National Healthcare Properties Announces Closing Of Public Offering","https://www.finanznachrichten.de/nachrichten-2026-04/68284753-national-healthcare-properties-announces-closing-of-public-offering-399.htm"
"Apr 23, 2026, 03:15 PM UTC","benzinga.com","Public Offerings","IPO","","ECON_IPO, TAX_ECON_PRICE, TAX_FNCACT, TAX_FNCACT_UNDERWRITER, ECON_STOCKMARKET, WB_698_TRADE, TAX_FNCACT_TRADERS, UNGP_FORESTS_RIVERS_OCEANS","TRADE","Aevex Stock Is Surging Thursday Post IPO Momentum Explained","https://www.benzinga.com/trading-ideas/movers/26/04/52002938/aevex-stock-is-surging-thursday-post-ipo-momentum-explained"
"Apr 23, 2026, 03:15 PM UTC","dailygazette.com","M&A / Strategic Transactions","SPAC","","GENERAL_HEALTH, MEDICAL, WB_1305_HEALTH_SERVICES_DELIVERY, WB_621_HEALTH_NUTRITION_AND_POPULATION, TAX_WEAPONS, TAX_WEAPONS_GUNS, TAX_ECON_PRICE, USPEC_POLICY1","REGULATION","Spac Concerts Live Nation","https://www.dailygazette.com/ade/life_and_arts/spac-concerts-live-nation/article_6b6170d6-cbd5-4f76-b2cb-8f5b0a8f6325.html"
"Apr 23, 2026, 03:15 PM UTC","ypradio.org","M&A / Strategic Transactions","merger","","TAX_FNCACT, TAX_FNCACT_REGULATORS, WB_678_DIGITAL_GOVERNMENT, WB_694_BROADCAST_AND_MEDIA, WB_133_INFORMATION_AND_COMMUNICATION_TECHNOLOGIES, TAX_FNCACT_EXECUTIVES, TAX_FNCACT_CEO, TAX_FNCACT_PRODUCER","LABOR_MARKET, REGULATION","Warner Bros Discovery Shareholders Approve 110b Merger With Paramount Skydance","https://www.ypradio.org/npr-news/2026-04-23/warner-bros-discovery-shareholders-approve-110b-merger-with-paramount-skydance"
"Apr 23, 2026, 03:15 PM UTC","marketscreener.com","M&A / Strategic Transactions","merger","","TAX_FNCACT, TAX_FNCACT_EXECUTIVE, WB_696_PUBLIC_SECTOR_MANAGEMENT, WB_2048_COMPENSATION_CAREERS_AND_INCENTIVES, WB_723_PUBLIC_ADMINISTRATION, WB_724_HUMAN_RESOURCES_FOR_PUBLIC_SECTOR, TAX_FNCACT_EXECUTIVES, TAX_FNCACT_CEO","LABOR_MARKET, REGULATION","Warner Bros Shareholders Back Billion Merger With Paramount Skydance","https://www.marketscreener.com/news/warner-bros-shareholders-back-110-billion-merger-with-paramount-skydance-ce7f59ded88af625"
"Apr 23, 2026, 03:15 PM UTC","finanznachrichten.de","M&A / Strategic Transactions","merger","","EPU_CATS_REGULATION","REGULATION","Warner Bros Discovery Gets Stockholder Approval For Merger With Paramount Skydance","https://www.finanznachrichten.de/nachrichten-2026-04/68284823-warner-bros-discovery-gets-stockholder-approval-for-merger-with-paramount-skydance-020.htm"
"Apr 23, 2026, 03:15 PM UTC","bozemandailychronicle.com","M&A / Strategic Transactions","acquisition","","MANMADE_DISASTER_IMPLIED, WB_135_TRANSPORT, WB_1803_TRANSPORT_INFRASTRUCTURE, WB_166_RAILWAYS, TAX_FNCACT, TAX_FNCACT_REGULATORS, TAX_ECON_PRICE, TAX_FNCACT_ANALYSTS","COMMODITIES, LABOR_MARKET, TRADE, REGULATION","Union Pacific Profit Climbed 5 As It Builds The Case For Its Acquisition Of Rival","http://www.bozemandailychronicle.com/ap_news/business/union-pacific-profit-climbed-5-as-it-builds-the-case-for-its-acquisition-of-rival/article_87056f86-58d4-53d8-b8ef-5e4136c6ceac.html"
"Apr 23, 2026, 03:15 PM UTC","wsls.com","M&A / Strategic Transactions","acquisition","","WB_135_TRANSPORT, WB_1803_TRANSPORT_INFRASTRUCTURE, WB_166_RAILWAYS, TAX_FNCACT, TAX_FNCACT_REGULATORS, TAX_ECON_PRICE, TAX_FNCACT_ANALYSTS, TAX_FNCACT_CEO","COMMODITIES, LABOR_MARKET, TRADE, REGULATION","Union Pacific Profit Climbed 5 As It Builds The Case For Its Acquisition Of Rival Norfolk Southern","https://www.wsls.com/business/2026/04/23/union-pacific-profit-climbed-5-as-it-builds-the-case-for-its-acquisition-of-rival-norfolk-southern/"
"Apr 23, 2026, 03:15 PM UTC","bozemandailychronicle.com","M&A / Strategic Transactions","merger","","MEDIA_MSM","","Warner Bros Shareholders Approve Billion Sale To Paramount In A Mega Merger That Could","http://www.bozemandailychronicle.com/ap_news/business/warner-bros-shareholders-approve-81-billion-sale-to-paramount-in-a-mega-merger-that-could/article_87e2138e-3569-54b0-92d5-27d10032fa98.html"
"Apr 23, 2026, 02:45 PM UTC","insidermonkey.com","M&A / Strategic Transactions","acquisition","","ENV_METALS, WB_2936_GOLD, WB_507_ENERGY_AND_EXTRACTIVES, WB_895_MINING_SYSTEMS, WB_1699_METAL_ORE_MINING, ECON_STOCKMARKET, TAX_FNCACT, TAX_FNCACT_ANALYSTS","COMMODITIES","Eldorado Gold Ego Completes Acquisition Of Foran Mining Corporation","https://www.insidermonkey.com/blog/eldorado-gold-ego-completes-acquisition-of-foran-mining-corporation-1744912/"
"Apr 23, 2026, 02:45 PM UTC","insidermonkey.com","M&A / Strategic Transactions","acquisition","","ECON_STOCKMARKET, TAX_FNCACT, TAX_FNCACT_ANALYSTS, TAX_FNCACT_LEADER, CRISISLEX_C07_SAFETY, GENERAL_HEALTH, MEDICAL, CRISISLEX_C03_WELLBEING_HEALTH","","Servicenow Now Completes 7 75b Acquisition Of Cyber Exposure Leader Armis","https://www.insidermonkey.com/blog/servicenow-now-completes-7-75b-acquisition-of-cyber-exposure-leader-armis-1744914/"
"Apr 23, 2026, 02:45 PM UTC","marketscreener.com","M&A / Strategic Transactions","acquisition","","ENV_MINING, ECON_STOCKMARKET, UNGP_FORESTS_RIVERS_OCEANS","","Agnico Eagle Mines Limited Completed The Acquisition Of Stake In Fingold Ventures Ltd From B2go","https://www.marketscreener.com/news/agnico-eagle-mines-limited-completed-the-acquisition-of-70-stake-in-fingold-ventures-ltd-from-b2go-ce7f59ded980f222"
"Apr 23, 2026, 02:45 PM UTC","deadline.com","M&A / Strategic Transactions","merger","","LEADER, TAX_FNCACT, TAX_FNCACT_MAYOR, EPU_POLICY, EPU_POLICY_POLITICAL, USPEC_UNCERTAINTY1, WB_2670_JOBS, WB_1467_EDUCATION_FOR_ALL","LABOR_MARKET, REGULATION","Zohran Mamdani Paramount Warner Bros Merger","https://deadline.com/2026/04/zohran-mamdani-paramount-warner-bros-merger-1236869492/"
